{"flutter":{"platforms":{"android":{"default":{"projectId":"smart-trash-auntetikasi","appId":"1:357905651376:android:bf91276e473485a718cd75","fileOutput":"android/app/google-services.json"}},"dart":{"lib/firebase_options.dart":{"projectId":"smart-trash-auntetikasi","configurations":{"android":"1:357905651376:android:bf91276e473485a718cd75","ios":"1:357905651376:ios:f278d3738662d93018cd75","macos":"1:357905651376:ios:f278d3738662d93018cd75","web":"1:357905651376:web:0ae248b6f68a59d618cd75","windows":"1:357905651376:web:d37e9d98b9de7c0b18cd75"}}}}}}